project_name,obs_id,samp_site,arms_unit_id,latitude,longitude,geo_loc_name,loc_broad_ocean,loc_broad_ocean_mrgid,loc_regional,loc_regional_mrgid,loc_loc,loc_loc_mrgid,env_broad_biome,env_local,env_package,tot_depth_water_col,organization,organization_country,organization_edmoid,extra_site_info,ha_id,contact_name,contact_email,contact_orcid,ENA_accession_number_project,ENA_accesion_number_umbrella,data_owner,data_owner_edmoid,data_contact_email
EMOBON,PiEGetxo,Getxo,PiEGetxo1,43.338452,-3.014833,Spain,North Atlantic Ocean,1912,Bay of Biscay,2359,Abra de Bilbao,17355,marine benthic biome [ENVO_01000024]; harbor [ENVO:00000463]; marine reef biome [ENVO:01000029],muddy soil [ENVO:00005771],miscellaneous natural or artificial environment,10,"Plentzia Marine Station (PiE-UPV/EHU), University of the Basque Country",Spain,2167,"Marina (Site located on the dock of a marina in transitional waters, 31-34 psu, in right bank within the outer section of the estuary of Bilbao, with the commercial superport of Bilbao in the left banks). Renamed to A1",PiEGetxo Ha,Ibon Cancio,ibon.cancio@ehu.eus,https://orcid.org/0000-0003-4841-0079,PRJEB37754,PRJEB51688,"European Marine Biological Resource Centre
",5669,emobon@embrc.eu
EMOBON,PiEGetxo,Getxo,PiEGetxo2,43.3385,-3.01491,Spain,North Atlantic Ocean,1912,Bay of Biscay,2359,Abra de Bilbao,17355,marine benthic biome [ENVO_01000024]; harbor [ENVO:00000463]; marine reef biome [ENVO:01000029],muddy soil [ENVO:00005771],miscellaneous natural or artificial environment,10,"Plentzia Marine Station (PiE-UPV/EHU), University of the Basque Country",Spain ,2167,"Marina (Site located on the dock of a marina in transitional waters, 31-34 psu, in right bank within the outer section of the estuary of Bilbao, with the commercial superport of Bilbao in the left banks).  Renamed to A2",PiEGetxo Ha,Ibon Cancio,ibon.cancio@ehu.eus,https://orcid.org/0000-0003-4841-0079,PRJEB37754,PRJEB51688,"European Marine Biological Resource Centre
",5669,emobon@embrc.eu
EMOBON,PiEGetxo,Getxo,A1,43.338452,-3.014833,Spain,North Atlantic Ocean,1912,Bay of Biscay,2359,Abra de Bilbao,17355,marine benthic biome [ENVO_01000024]; harbor [ENVO:00000463]; marine reef biome [ENVO:01000029],muddy soil [ENVO:00005771],miscellaneous natural or artificial environment,10,"Plentzia Marine Station (PiE-UPV/EHU), University of the Basque Country",Spain,2167,"Marina (Site located on the dock of a marina in transitional waters, 31-34 psu, in right bank within the outer section of the estuary of Bilbao, with the commercial superport of Bilbao in the left banks)  ",PiEGetxo Ha,Ibon Cancio,ibon.cancio@ehu.eus,https://orcid.org/0000-0003-4841-0079,PRJEB37754,PRJEB51688,"European Marine Biological Resource Centre
",5669,emobon@embrc.eu
EMOBON,PiEGetxo,Getxo,A2,43.3385,-3.01491,Spain,North Atlantic Ocean,1912,Bay of Biscay,2359,Abra de Bilbao,17355,marine benthic biome [ENVO_01000024]; harbor [ENVO:00000463]; marine reef biome [ENVO:01000029],muddy soil [ENVO:00005771],miscellaneous natural or artificial environment,10,"Plentzia Marine Station (PiE-UPV/EHU), University of the Basque Country",Spain ,2167,"Marina (Site located on the dock of a marina in transitional waters, 31-34 psu, in right bank within the outer section of the estuary of Bilbao, with the commercial superport of Bilbao in the left banks)  ",PiEGetxo Ha,Ibon Cancio,ibon.cancio@ehu.eus,https://orcid.org/0000-0003-4841-0079,PRJEB37754,PRJEB51688,"European Marine Biological Resource Centre
",5669,emobon@embrc.eu
EMOBON,PiEGetxo,Getxo,A3,43.338452,-3.014833,Spain,North Atlantic Ocean,1912,Bay of Biscay,2359,Abra de Bilbao,17355,marine benthic biome [ENVO_01000024]; harbor [ENVO:00000463]; marine reef biome [ENVO:01000029],muddy soil [ENVO:00005771],miscellaneous natural or artificial environment,10,"Plentzia Marine Station (PiE-UPV/EHU), University of the Basque Country",Spain ,2167,"Marina (Site located on the dock of a marina in transitional waters, 31-34 psu, in right bank within the outer section of the estuary of Bilbao, with the commercial superport of Bilbao in the left banks)  ",PiEGetxo Ha,Ibon Cancio,ibon.cancio@ehu.eus,https://orcid.org/0000-0003-4841-0079,PRJEB37754,PRJEB51688,"European Marine Biological Resource Centre
",5669,emobon@embrc.eu
